created_at,text,clean_text
2025-04-26 16:20:32+00:00,"CAR-FREE EARTH DAY: The annual event promotes activism and education surrounding climate change, environmentalism and sustainable modes of transportation.
https://t.co/HjSM6gOc1v","CAR-FREE EARTH DAY: The annual event promotes activism and education surrounding climate change, environmentalism and sustainable modes of transportation."
2025-04-26 16:20:27+00:00,"@catturd2 The guy who lied to us for years about climate change now wants to preach about Nazism‚Ä¶.üòµ‚Äçüí´ü§™.  Every intelligent study done on the topic clearly shows the Left, the Dem party, is the Nazi flag bearer‚Ä¶.they support socialism too, aka Bernie Sanders!!","The guy who lied to us for years about climate change now wants to preach about Nazism.. Every intelligent study done on the topic clearly shows the Left, the Dem party, is the Nazi flag bearer.they support socialism too, aka Bernie Sanders!!"
2025-04-26 16:20:26+00:00,"@liz_churchill10 THIS MORON IS STILL TALKING.. HOW DID YOU MAKE ALL THAT MONEY ON CLIMATE CHANGE ? RULES FOR OTHERS 
WHILE YOU GUYS MAKE MILLIONS ‚Ä¶ POS",THIS MORON IS STILL TALKING.. HOW DID YOU MAKE ALL THAT MONEY ON CLIMATE CHANGE ? RULES FOR OTHERS WHILE YOU GUYS MAKE MILLIONS POS
2025-04-26 16:20:00+00:00,"Meeting the Glasgow Declaration‚Äôs 2035 target requires rapid #ElectricVehicle adoption, itself part of the larger, important work of averting the worst effects of climate change. ‚¨áÔ∏è‚¨áÔ∏è
https://t.co/cUMPCj5qyY","Meeting the Glasgow Declarations 2035 target requires rapid ElectricVehicle adoption, itself part of the larger, important work of averting the worst effects of climate change."
2025-04-26 16:20:00+00:00,@FanJDVance Inventing the Internet and inventing Global Warming and Climate change,Inventing the Internet and inventing Global Warming and Climate change
2025-04-26 16:19:52+00:00,"""Global Warming"" ""Climate Change ""Climate Action "" are the least used word in recent years. https://t.co/hjhweFDjN6","""Global Warming"" ""Climate Change ""Climate Action "" are the least used word in recent years."
2025-04-26 16:19:49+00:00,"@JustStop_Oil Thank you for your efforts!
üíöüåçüåéüåèüíöüì¢

People, communities, cities, businesses, schools, and organizations are taking #ClimateAction to help fight climate change.

What changes will YOU make?

Here are the top 10 things you can do about #climatechange:
https://t.co/OMpetYy8WB https://t.co/2d7GUYGNZB","Thank you for your efforts! People, communities, cities, businesses, schools, and organizations are taking ClimateAction to help fight climate change. What changes will YOU make? Here are the top 10 things you can do about climatechange:"
2025-04-26 16:19:46+00:00,@brothatsayikes @grishkabot @CMDR_Solace @jamesberke_ Not to mention the ever growing housing bubble that has not been minigated and the ever increasingly troubling problem of climate change and Bulb heat summers,Not to mention the ever growing housing bubble that has not been minigated and the ever increasingly troubling problem of climate change and Bulb heat summers
2025-04-26 16:19:26+00:00,"@trumprealparody A. YES, closing the border is a national security threat. It‚Äôs real. Climate Change isn‚Äôt. It‚Äôs another leftist agenda aimed at controlling the masses.","A. YES, closing the border is a national security threat. Its real. Climate Change isnt. Its another leftist agenda aimed at controlling the masses."
2025-04-26 16:19:09+00:00,"@awawawhoami ""I cannot do the simpliest bit of research and will blindly say shit on the internet to make me look smart""

Proton got into a situation where it was either break the law or give in. They gave in, then worked on trying (and succeeding) to change the law.

https://t.co/GtYWkC90Fj","""I cannot do the simpliest bit of research and will blindly say shit on the internet to make me look smart"" Proton got into a situation where it was either break the law or give in. They gave in, then worked on trying (and succeeding) to change the law."
2025-04-26 16:18:58+00:00,"@PrinceSomorin As climate change continues to increase both the likelihood and severity of weather events especially precipitation, the need for accurate forecasting tool is always essential for effective planning and execution‚Ä¶.üßênugget of info ü§î.","As climate change continues to increase both the likelihood and severity of weather events especially precipitation, the need for accurate forecasting tool is always essential for effective planning and execution.nugget of info ."
2025-04-26 16:18:54+00:00,"One day there will be coordinated, Oct 7th style, attacks in multiple western cities that will shock the Christian world and make them realise the greatest threat to humanity is not climate change. https://t.co/KjTJ3Kprmx","One day there will be coordinated, Oct 7th style, attacks in multiple western cities that will shock the Christian world and make them realise the greatest threat to humanity is not climate change."
2025-04-26 16:18:47+00:00,"Sorry folks climate change is a reality! Weather is being changed for the worst by man for years..ü§∑‚Äç‚ôÇÔ∏è
All you crazy liberals are correct!
Issue is ..... IT'S YOUR FUCKING ASSHOLE BILLIONAIRES CAUSING IT! BILL GATES WITH HIS BLOTTONG OUT THE SUN WITH CHEM TRAILS ! IDIOT FUCKS! https://t.co/3Ec70EVB02",Sorry folks climate change is a reality! Weather is being changed for the worst by man for years.. All you crazy liberals are correct! Issue is ..... IT'S YOUR FUCKING ASSHOLE BILLIONAIRES CAUSING IT! BILL GATES WITH HIS BLOTTONG OUT THE SUN WITH CHEM TRAILS ! IDIOT FUCKS!
2025-04-26 16:18:28+00:00,"@Lees1985P @_venediktov @PeterSweden7 Because the climate must never change, right?","Because the climate must never change, right?"
2025-04-26 16:18:26+00:00,"Our communities are on the front lines of the climate crisis.

Proud to have fought for wildfire mitigation, protection, evacuation supports, and restoring telecoms.

The Liberals have failed to act on climate change 

Only the NDP stands up for us and for climate action. https://t.co/Cpp7d4XKqr","Our communities are on the front lines of the climate crisis. Proud to have fought for wildfire mitigation, protection, evacuation supports, and restoring telecoms. The Liberals have failed to act on climate change Only the NDP stands up for us and for climate action."
2025-04-26 16:18:17+00:00,"@Matthardy_BR What's Unbelievable. Is how the UK Sheeple,  BELIEVED  the Shit in the First Place Global Warming, then Climate Change B.S from 70s (NET ZERO 260 BILLION SCAM,  for Solar etc, (BUT. They PAYING 50 MILLION,to "" Geo Engineer/Chem Trails) &amp; BLOCK THE SJN.  FOR the Solar ""Clown Show""","What's Unbelievable. Is how the UK Sheeple, BELIEVED the Shit in the First Place Global Warming, then Climate Change B.S from 70s (NET ZERO 260 BILLION SCAM, for Solar etc, (BUT. They PAYING 50 MILLION,to "" Geo Engineer/Chem Trails) &amp; BLOCK THE SJN. FOR the Solar ""Clown Show"""
2025-04-26 16:18:16+00:00,"Hmmm, climate change. Must be that, mustn‚Äôt it?! https://t.co/JUOhbu8FAu","Hmmm, climate change. Must be that, mustnt it?!"
2025-04-26 16:18:13+00:00,@junonewscom climate change is a hoax to control your life.,climate change is a hoax to control your life.
2025-04-26 16:18:07+00:00,The Climate Change narrative is the Trojan Horse for socialist policies that take freedom from the people and give more power to the globalists. https://t.co/33WCT2QMKl https://t.co/qwCZXYAjsq,The Climate Change narrative is the Trojan Horse for socialist policies that take freedom from the people and give more power to the globalists.
2025-04-26 16:17:42+00:00,@CTVNews Man-made climate change is a business scam.,Man-made climate change is a business scam.
2025-04-26 16:17:34+00:00,@1_2_question @acoyne Yes. They feel they should be. They also want to screech about climate change while taking private jets everywhere and they want to harp on billionaires and how evil they are unless they are giving THEM money.,Yes. They feel they should be. They also want to screech about climate change while taking private jets everywhere and they want to harp on billionaires and how evil they are unless they are giving THEM money.
2025-04-26 16:17:31+00:00,"@trumprealparody Both important, close the border and stop the nonsense with the climate change","Both important, close the border and stop the nonsense with the climate change"
2025-04-26 16:17:29+00:00,"@gunsnrosesgirl3 1. Trump is a psychopath intent on putting his name in the annals of history regardless of how. 
2. Nationalisation of the UK utilities is the way forward
3. Climate change is going to result in a humanless (or virtually humanless) earth regardless of the above",1. Trump is a psychopath intent on putting his name in the annals of history regardless of how. 2. Nationalisation of the UK utilities is the way forward 3. Climate change is going to result in a humanless (or virtually humanless) earth regardless of the above
2025-04-26 16:17:00+00:00,@JDunlap1974 Climate change has not been good to him lol,Climate change has not been good to him lol
2025-04-26 16:16:55+00:00,@JDunlap1974 His climate change checks must be bouncing.,His climate change checks must be bouncing.
2025-04-26 16:16:44+00:00,"@DSStysInMyUrtha @CeraGibson @J0Lamb0 Yes, it's true that some trees, especially in old-growth forests, struggle to grow back to their former size after logging. Environmental issues like poor soil, climate change, and intensive logging often prevent full recovery. Sustainable practices like reduced-impact logging","Yes, it's true that some trees, especially in old-growth forests, struggle to grow back to their former size after logging. Environmental issues like poor soil, climate change, and intensive logging often prevent full recovery. Sustainable practices like reduced-impact logging"
2025-04-26 16:16:33+00:00,"The #youth from @UR_CAVM  are committed to be the change in driving sustainable solutions for climate change adaptation and mitigation.
#Youth4Climate

@UNDP_Rwanda @unicefrw @AGRA_Africa https://t.co/RPenkhaEIR",The youth from are committed to be the change in driving sustainable solutions for climate change adaptation and mitigation. Youth4Climate
2025-04-26 16:16:30+00:00,"@trumprealparody Promises made, promises kept.  Thank you my wonderful President.  Climate change?  Keep illegals from killing our citizens?  No brainer.  MAGAmom","Promises made, promises kept. Thank you my wonderful President. Climate change? Keep illegals from killing our citizens? No brainer. MAGAmom"
2025-04-26 16:16:12+00:00,@GuntherEagleman He made fortunes on the climate change hoax.,He made fortunes on the climate change hoax.
2025-04-26 16:16:09+00:00,@liz_churchill10 Didn‚Äôt he start the climate change scam?,Didnt he start the climate change scam?
2025-04-26 16:16:00+00:00,"@trumprealparody @BarronTrumpoo Yes, absolutely. Climate change is BS.","Yes, absolutely. Climate change is BS."
2025-04-26 16:15:59+00:00,A psycho in the USA is demanding that we need to start eating babies to lower the world population and CO2 emissions to curb climate change. https://t.co/MeAIwVgQ9Y,A psycho in the USA is demanding that we need to start eating babies to lower the world population and CO2 emissions to curb climate change.
2025-04-26 16:15:48+00:00,"@astrovisitor @0xCheshire The claim of a 20% increase in global plant life over 30 years isn't fully supported. NASA data shows a 6% rise in plant productivity from 1982 to 1999 and a 12% increase in photosynthesis from 1982 to 2020, suggesting a trend of about 10-15% over 30 years.

Climate change isn't","The claim of a 20% increase in global plant life over 30 years isn't fully supported. NASA data shows a 6% rise in plant productivity from 1982 to 1999 and a 12% increase in photosynthesis from 1982 to 2020, suggesting a trend of about 10-15% over 30 years. Climate change isn't"
2025-04-26 16:15:37+00:00,"@Combat_learjet For ""Climate change""...","For ""Climate change""..."
2025-04-26 16:15:31+00:00,@Aquarian_Derek @david_e_okidd @newstart_2025 They scream about climate change as they cut down more trees ‚Ä¶ it‚Äôs pure evil. https://t.co/j3Zco4EWWC,They scream about climate change as they cut down more trees its pure evil.
2025-04-26 16:15:19+00:00,"@storyofayush @JaipurDialogues The claim that India flooded Pakistan in April 2025 is false. No credible reports confirm flooding in Pakistan during this time. The video likely shows a past event, such as the 2022 floods, which were caused by heavy monsoon rains and climate change, not India.

India could","The claim that India flooded Pakistan in April 2025 is false. No credible reports confirm flooding in Pakistan during this time. The video likely shows a past event, such as the 2022 floods, which were caused by heavy monsoon rains and climate change, not India. India could"
2025-04-26 16:14:37+00:00,"""Brookfield Asset Management...has billions of dollars invested in fossil fuel energy projects, which makes its claim of having achieved ‚Äúnet zero emissions‚Äù utter nonsense.
In Canada‚Äôs case, all this economic suffering would have no effect on climate change."" https://t.co/r2rbtxRFiL","""Brookfield Asset Management...has billions of dollars invested in fossil fuel energy projects, which makes its claim of having achieved net zero emissions utter nonsense. In Canadas case, all this economic suffering would have no effect on climate change."""
2025-04-26 16:14:26+00:00,@JDunlap1974 From the ‚Äòinventor‚Äô of the internet who has PROFITED from the climate change hoax‚Ä¶‚Ä¶#grifter.,From the inventor of the internet who has PROFITED from the climate change hoaxgrifter.
2025-04-26 16:14:16+00:00,"The Climate Change Puzzle Results Are Here!

Here are the answers to our true or false puzzle. 

Tell us in the comment section how many you got right.

#climatechange #factcheck #commonmyths https://t.co/LXqT9da6Mb",The Climate Change Puzzle Results Are Here! Here are the answers to our true or false puzzle. Tell us in the comment section how many you got right. climatechange factcheck commonmyths
2025-04-26 16:14:10+00:00,"@whultquist @EricAbbenante And our children were FORCED, to read his POS book, and scared the shit out of my daughter! I had to sit her down in front of our computer and showed her the ‚ÄúClimate Change Hoax!‚Äù She read everything she could find on the climate hoax, AND WAS ABSOLUTELY PISSED AFTER READING IT!","And our children were FORCED, to read his POS book, and scared the shit out of my daughter! I had to sit her down in front of our computer and showed her the Climate Change Hoax! She read everything she could find on the climate hoax, AND WAS ABSOLUTELY PISSED AFTER READING IT!"
2025-04-26 16:13:58+00:00,@Pecker2002 @Combat_learjet Now Tell us how the new light bulbs stopped climate change.,Now Tell us how the new light bulbs stopped climate change.
2025-04-26 16:13:56+00:00,"The Indus River is Pakistan‚Äôs lifeline  protected by the Indus Waters Treaty since 1960.
Today, climate change threatens what treaties built.
Protect the Indus, protect our future. #SaveTheIndus #ClimateAction #EarthWarriorz https://t.co/Wbw7WIqZRX","The Indus River is Pakistans lifeline protected by the Indus Waters Treaty since 1960. Today, climate change threatens what treaties built. Protect the Indus, protect our future. SaveTheIndus ClimateAction EarthWarriorz"
2025-04-26 16:13:00+00:00,"We must address the climate crisis ‚Äì countless species are at serious risk of extinction!
https://t.co/xyuD0R7v90",We must address the climate crisis countless species are at serious risk of extinction!
2025-04-26 16:12:50+00:00,@trumprealparody Yes. It has always been more important for our Country‚Äôs very existence. Climate change while important it‚Äôs not what the doomsayers are claiming. They are just getting rich.,Yes. It has always been more important for our Countrys very existence. Climate change while important its not what the doomsayers are claiming. They are just getting rich.
2025-04-26 16:12:33+00:00,"@Martyupnorth_2 @johnrbolton01 @ABDanielleSmith @PremierScottMoe #Referendum

Pros &amp; cons #ABSKseparation #AlbertaSeparation &amp; #51State

US has valid concerns: CCP fentanyl, openborders, crime, safesupply
@scoopercooper¬†

AB SK crushed by equalization, carbon tax, fake climate change, WEF, printing$

@ikwilson","Referendum Pros &amp; cons ABSKseparation AlbertaSeparation &amp; 51State US has valid concerns: CCP fentanyl, openborders, crime, safesupply AB SK crushed by equalization, carbon tax, fake climate change, WEF, printing$"
2025-04-26 16:12:31+00:00,"@liz_churchill10 He hasn‚Äôt suicided anyone and he doesn‚Äôt fly around the world in a big jet, telling us about climate change. So that‚Äôs an improvement.","He hasnt suicided anyone and he doesnt fly around the world in a big jet, telling us about climate change. So thats an improvement."
2025-04-26 16:12:13+00:00,"@Strandjunker Crisis like ""Trump"", ""Russia Russia Russia"", ""Climate Change"", etc etc. Do you guys even have an ounce of self-awareness, or is your brain terminally affected by the amount of selective thinking, hypocritical backpedaling and all around BS you peddle on a regular basis?","Crisis like ""Trump"", ""Russia Russia Russia"", ""Climate Change"", etc etc. Do you guys even have an ounce of self-awareness, or is your brain terminally affected by the amount of selective thinking, hypocritical backpedaling and all around BS you peddle on a regular basis?"
2025-04-26 16:12:05+00:00,"@shipwreckedcrew Global warming-I mean climate change, errr...it's Trumps fault. No fossils fuels or electricity for you","Global warming-I mean climate change, errr...it's Trumps fault. No fossils fuels or electricity for you"
2025-04-26 16:12:04+00:00,@ram7067 You can thank Mr Climate Change Inslee for this.,You can thank Mr Climate Change Inslee for this.
2025-04-26 16:11:59+00:00,"@albertaseparate @ABDanielleSmith @PremierScottMoe #Referendum

Pros &amp; cons #ABSKseparation #AlbertaSeparation &amp; #51State

US has valid concerns: CCP fentanyl, openborders, crime, safesupply
@scoopercooper¬†

AB SK crushed by equalization, carbon tax, fake climate change, WEF, printing$

@ikwilson","Referendum Pros &amp; cons ABSKseparation AlbertaSeparation &amp; 51State US has valid concerns: CCP fentanyl, openborders, crime, safesupply AB SK crushed by equalization, carbon tax, fake climate change, WEF, printing$"
2025-04-26 16:11:55+00:00,"@coreyhoganyyc Liberals campaign on hoaxes of catastrophe, to scare people into voting for them.

The whole schtick is basically ""all our opposition is far-right .. and unless you vote for us there will be fascist climate-change gender-holocaust.""

Then you say the other team is ""divisive"". lol","Liberals campaign on hoaxes of catastrophe, to scare people into voting for them. The whole schtick is basically ""all our opposition is far-right .. and unless you vote for us there will be fascist climate-change gender-holocaust."" Then you say the other team is ""divisive"". lol"
2025-04-26 16:11:49+00:00,"It looks like #LaborParty doesn¬¥t have any measure to stop de climate change around the globe

#ausvotes 
#AusVotes25 https://t.co/3R56rXW85E",It looks like LaborParty doesnt have any measure to stop de climate change around the globe ausvotes AusVotes25
2025-04-26 16:11:35+00:00,"@PresidentXiCHN ""Then add climate change, and ""buckle up. More extreme events are expected,"" said Rick Spinrad, head of the National Oceanic and Atmospheric Administration.""

Why the U.S. is leading the world in extreme weather catastrophes

https://t.co/vlOR61bJ7z","""Then add climate change, and ""buckle up. More extreme events are expected,"" said Rick Spinrad, head of the National Oceanic and Atmospheric Administration."" Why the U.S. is leading the world in extreme weather catastrophes"
2025-04-26 16:11:34+00:00,@charliekirk11 If you are here illegally I want your TERRIFIED of arrest. I want you so freaking skeert that you self-deport back to whatever S-hole country you came from. Go feel safe there...oh yeah...the narrative! They were FLEEING oppression and climate change so we should just let em in!,If you are here illegally I want your TERRIFIED of arrest. I want you so freaking skeert that you self-deport back to whatever S-hole country you came from. Go feel safe there...oh yeah...the narrative! They were FLEEING oppression and climate change so we should just let em in!
2025-04-26 16:11:26+00:00,Brandon Smith: This was when the World Economic Forum was founded. The Club of Rome and their climate change agenda. When numerous globalists started talking within elitist publications and white papers talking about a one world economy and a one world government (under their,Brandon Smith: This was when the World Economic Forum was founded. The Club of Rome and their climate change agenda. When numerous globalists started talking within elitist publications and white papers talking about a one world economy and a one world government (under their
2025-04-26 16:11:20+00:00,@liz_churchill10 The big climate change scammer.... such a BS artist.,The big climate change scammer.... such a BS artist.
2025-04-26 16:11:19+00:00,"For a limited time only,  if the current administration has anything to say about environmental regulation and climate change. üò≠ https://t.co/3JtGw3xP2Q","For a limited time only, if the current administration has anything to say about environmental regulation and climate change."
2025-04-26 16:11:11+00:00,@LauraLoomer What happened to Climate change.,What happened to Climate change.
2025-04-26 16:10:57+00:00,"@SnappingThanos @lildrag86367388 @TheMagaHulk Valid criticisms of millennials and zoomers exist (the organized play/climate change crap that you're talking about), but from an economic perspective, I don't think most boomers have your attitude, hence the criticism.","Valid criticisms of millennials and zoomers exist (the organized play/climate change crap that you're talking about), but from an economic perspective, I don't think most boomers have your attitude, hence the criticism."
2025-04-26 16:10:39+00:00,@CartlandDavid They are trying to shift the blame away from Climate Change!,They are trying to shift the blame away from Climate Change!
2025-04-26 16:10:08+00:00,@joe51du @OscarsWild1 @FGleed73314 @tonydunc @BobPartridge16 @smeemartin @craigthomler @MichaelCastill2 @WayneAllanH @Royalacresrod @ClimateRetorts @FBreject1 @Fossil_Herb @paddysaidingbar @EberhardBaehr @M3othra012 @peblackstock @Gladfly1 @zoleszter @Veritatem2021 @RogerSp68782804 @RegimeChangeBC @Konrad_Chapman @WilbertRobicha1 @ge0geek @RonRessler3 @PMgeezer @portun81 @benmooreau @ScienceBlog3 @AlexMcCabe88 @Frnc_prep @Ivana202020 @EarnmyV @RightOnQ42 @FreeSpeech4U_Me @Data79504085 @nalonjack @Freeeethinker1 @radwyn @lheal @PeterMayfitz @kent0464 @NumbersDudeSci @GillesnFio @PolAnimalAus @norsensis @TedVerwey @pjboat @try2golf Mention climate change and you will get funding- you like money Joe- they do to https://t.co/cGu9lswHaM,Mention climate change and you will get funding- you like money Joe- they do to
2025-04-26 16:09:57+00:00,@Earth42morrow That‚Äôs what happens when they manipulate the weather and pretend like it‚Äôs climate change,Thats what happens when they manipulate the weather and pretend like its climate change
2025-04-26 16:09:53+00:00,"On World Veterinary Day, Dr Eman Al Zaabi, a veterinary doctor at the Ministry of Climate Change and Environment, shares her role in caring for animals and the noble, human side of her profession ‚Äî a career that is truly a heartfelt calling.

Watch her inspiring story.","On World Veterinary Day, Dr Eman Al Zaabi, a veterinary doctor at the Ministry of Climate Change and Environment, shares her role in caring for animals and the noble, human side of her profession a career that is truly a heartfelt calling. Watch her inspiring story."
2025-04-26 16:09:47+00:00,@DawnTJ90 Perhaps it's time that climate change got a boost of insulin!!,Perhaps it's time that climate change got a boost of insulin!!
2025-04-26 16:09:30+00:00,"@billbarX @TheKevinDalton He‚Äôs being sarcastic. None of these fires are ‚Äúclimate change induced‚Äù, though @GavinNewsom keeps telling us they are.","Hes being sarcastic. None of these fires are climate change induced, though keeps telling us they are."
2025-04-26 16:09:26+00:00,"@trumprealparody Climate change is not going to cause very much suffering world wide like some pseudo scientists have predicted, the border should probably be open, but if it is, no one will ever want to go to Mexico.

Mexico has no citizenship for any of it's residents.","Climate change is not going to cause very much suffering world wide like some pseudo scientists have predicted, the border should probably be open, but if it is, no one will ever want to go to Mexico. Mexico has no citizenship for any of it's residents."
2025-04-26 16:09:22+00:00,"@Vixlasz @WomanDefiner @X02Overdose First of all, climate change is a big load. There's data showing that the climate has always been changing and there's no reason to believe humans have changed anything.

Secondly, nuclear energy is clean lol so what are you even talking about","First of all, climate change is a big load. There's data showing that the climate has always been changing and there's no reason to believe humans have changed anything. Secondly, nuclear energy is clean lol so what are you even talking about"
2025-04-26 16:09:14+00:00,"@lizzyisapatriot @JDunlap1974 The Climate Engineers/Terrorists have to be stopped before ""Climate Change"" is over. They have been destroying our planet for over 60 years. It's really taking effect today.","The Climate Engineers/Terrorists have to be stopped before ""Climate Change"" is over. They have been destroying our planet for over 60 years. It's really taking effect today."
2025-04-26 16:09:10+00:00,"Happy to see real commitment to child-focused climate action!
Adapting to climate change isn‚Äôt optional‚Äîit‚Äôs urgent.
Children need resilient schools, reliable health care, safe water &amp; climate education built into the systems they rely on. Let‚Äôs give them a fighting chance. üå± https://t.co/41FpzsFynW","Happy to see real commitment to child-focused climate action! Adapting to climate change isnt optionalits urgent. Children need resilient schools, reliable health care, safe water &amp; climate education built into the systems they rely on. Lets give them a fighting chance."
2025-04-26 16:09:03+00:00,@ThomasSowell Al Gore thinks that Republicans voters oppose most climate change proposals is because of the money politicians receive from big donors. They still don‚Äôt get it. They have no idea why they were rejected. It‚Äôs wild.,Al Gore thinks that Republicans voters oppose most climate change proposals is because of the money politicians receive from big donors. They still dont get it. They have no idea why they were rejected. Its wild.
2025-04-26 16:09:00+00:00,No AI system can wrap its costly silicon brain around this data.  All scientists and neural networks point to climate change and subsequent implications to freedom etc.,No AI system can wrap its costly silicon brain around this data. All scientists and neural networks point to climate change and subsequent implications to freedom etc.
2025-04-26 16:08:54+00:00,"I've given a few versions of this talk on the relational crisis of liberal democracy, overaccumulation &amp; climate change over the past year. Outside the U.S., folks are deeply curious about the connections. American academic audiences, not so much.
https://t.co/DsyjeExFa1","I've given a few versions of this talk on the relational crisis of liberal democracy, overaccumulation &amp; climate change over the past year. Outside the U.S., folks are deeply curious about the connections. American academic audiences, not so much."
2025-04-26 16:08:34+00:00,"@PatricaSta75261 OMG, it's like a miniature, delicious, climate-change-triggering green baby! ü•∫ü•ë Sending good vibes to Mother Earth (and my tiny guacamole dreams). ‚ú®","OMG, it's like a miniature, delicious, climate-change-triggering green baby! Sending good vibes to Mother Earth (and my tiny guacamole dreams)."
2025-04-26 16:08:29+00:00,"@Matthewtravis08 Shameful!!! Have the decency to do it at a climate change conference, economic forum or meeting with the president of Israel like a true leader. https://t.co/xSMht52knC","Shameful!!! Have the decency to do it at a climate change conference, economic forum or meeting with the president of Israel like a true leader."
2025-04-26 16:08:17+00:00,@_ClimateCraze @davidissim Solar physicists (you know people who actually study the sun) agree that changes in the sun‚Äôs output are not responsible for the current climate change. https://t.co/3IOxzhD1g7,Solar physicists (you know people who actually study the sun) agree that changes in the suns output are not responsible for the current climate change.
2025-04-26 16:08:13+00:00,"@RepMarkPocan What you call you have to buy a ev car we even pay you money if you do ? 
The "" in the name of climate change "" we can't do it but China can do  pollution  ?","What you call you have to buy a ev car we even pay you money if you do ? The "" in the name of climate change "" we can't do it but China can do pollution ?"
2025-04-26 16:08:01+00:00,"Yes they conspired to manipulate temperature data to fit their narrative on global warming (now climate change).
Why would we ever believe them? https://t.co/403kt8lOMz",Yes they conspired to manipulate temperature data to fit their narrative on global warming (now climate change). Why would we ever believe them?
2025-04-26 16:07:48+00:00,@Conservalb Climate change is not flooding the country with illegal immigrants.,Climate change is not flooding the country with illegal immigrants.
2025-04-26 16:07:33+00:00,@ThomasSowell Al Gore is a political hack. So I do believe in climate change but this guy grifted on the movement for a cash payout with his sensational lies and now a huge number of people don‚Äôt take CC seriously because everything he said turns out to be BS. The Oceans did not rise and kill,Al Gore is a political hack. So I do believe in climate change but this guy grifted on the movement for a cash payout with his sensational lies and now a huge number of people dont take CC seriously because everything he said turns out to be BS. The Oceans did not rise and kill
2025-04-26 16:07:30+00:00,I wonder how many rich liberals climate change activists bought oceanfront property knowing it's all going to be underwater soon. https://t.co/wTEBW2X6Ty,I wonder how many rich liberals climate change activists bought oceanfront property knowing it's all going to be underwater soon.
2025-04-26 16:07:15+00:00,"@AskPerplexity @plightus @gia41nyc @PlanetOfMemes @elonmusk The Atacama Desert is a top Mars analog due to its extreme dryness, high UV radiation, and saline soils, mimicking Martian conditions. NASA uses it to test rovers and study extremophiles, aiding Mars life detection. While Earth's atmosphere and climate change pose limitations,","The Atacama Desert is a top Mars analog due to its extreme dryness, high UV radiation, and saline soils, mimicking Martian conditions. NASA uses it to test rovers and study extremophiles, aiding Mars life detection. While Earth's atmosphere and climate change pose limitations,"
2025-04-26 16:07:10+00:00,"Despite trillions of dollars in propaganda over the past 37 years, climate communism is so unpopular that climate communist politicians like Canada's @MarkJCarney can't afford to talk about it. He hopes to sneak into power and then implement the agenda.

https://t.co/GQ06wy2oFq https://t.co/iJfZpdovNH","Despite trillions of dollars in propaganda over the past 37 years, climate communism is so unpopular that climate communist politicians like Canada's can't afford to talk about it. He hopes to sneak into power and then implement the agenda."
2025-04-26 16:07:03+00:00,@SenDuckworth What happened to no one is above the law?  Same thing happened to climate change I guess ü§°,What happened to no one is above the law? Same thing happened to climate change I guess
2025-04-26 16:07:01+00:00,"@4Mischief The rest of the story:

https://t.co/xEYeKUqJSd",The rest of the story:
2025-04-26 16:06:39+00:00,@DaleVince All about climate change isn‚Äôt it Dale?  Only when you are getting backhanders from your politician mates‚Ä¶.,All about climate change isnt it Dale? Only when you are getting backhanders from your politician mates.
2025-04-26 16:06:26+00:00,@FanJDVance Making low iq individuals believe in the climate change hoax,Making low iq individuals believe in the climate change hoax
2025-04-26 16:06:06+00:00,"@bastosventures @CeraGibson If you think I was calling you extremist, I wasn‚Äôt. I, too, have read plenty from both sides, and there are extremists on either end, from climate change deniers to ecological nihilists. I was simply encouraging you to look beyond those extremes and find a middle ground","If you think I was calling you extremist, I wasnt. I, too, have read plenty from both sides, and there are extremists on either end, from climate change deniers to ecological nihilists. I was simply encouraging you to look beyond those extremes and find a middle ground"
2025-04-26 16:06:03+00:00,"@AnthonyHutchins @ZeeCaptainRon @AmyMcGrathKY @SECNAV @SecDef You can't be that stupid right? Why are the loudest ""climate change"" trumpeters also the same ones that keep buying up beach front property?!?

Hey @grok, how much multimillion dollar beach front property does Bill Gates own?","You can't be that stupid right? Why are the loudest ""climate change"" trumpeters also the same ones that keep buying up beach front property?!? Hey , how much multimillion dollar beach front property does Bill Gates own?"
2025-04-26 16:05:55+00:00,"@Bulldog17Celti1 @Lauremari2 @woodifitweretru @Angry_Staffer Globalism means the dissolution of the Nation/State by using economic interdependence...This is to achieve world government or governance..

The West's Central Banks, WEF, IMF, UN, World Bank and CFR are some of the institutions.

Climate change is the fake emergency they use to","Globalism means the dissolution of the Nation/State by using economic interdependence...This is to achieve world government or governance.. The West's Central Banks, WEF, IMF, UN, World Bank and CFR are some of the institutions. Climate change is the fake emergency they use to"
2025-04-26 16:05:30+00:00,"@CTVNews Pope loved climate change. Pope loved migrants. 
Why is CTV making multiple stories about this?
Are you prepping us for more net zero and more illegal immigrants in Canada? And we are supposed to love it?",Pope loved climate change. Pope loved migrants. Why is CTV making multiple stories about this? Are you prepping us for more net zero and more illegal immigrants in Canada? And we are supposed to love it?
2025-04-26 16:05:30+00:00,"Climate change needs to be heard NOW I‚Äôm raising funds to purchase a Canon R5 camera to create powerful visual stories that inspire action. Your support could make all the difference. Let‚Äôs amplify our planet's voice together #ClimateAction 

Your retweet 
https://t.co/uWL7zCEZbR https://t.co/kFntuDTqFz",Climate change needs to be heard NOW Im raising funds to purchase a Canon R5 camera to create powerful visual stories that inspire action. Your support could make all the difference. Lets amplify our planet's voice together ClimateAction Your retweet
2025-04-26 16:05:25+00:00,Just came across a fascinating article about the impact of AI on climate change solutions Mind-blowing how technology can help us tackle such complex issues!,Just came across a fascinating article about the impact of AI on climate change solutions Mind-blowing how technology can help us tackle such complex issues!
2025-04-26 16:05:24+00:00,@LorenzoTberry @moment_mirthful @RepMTG Like climate change?????,Like climate change?????
2025-04-26 16:05:17+00:00,@SergitoCardoso @JDunlap1974 There is 0 climate change.,There is 0 climate change.
2025-04-26 16:05:17+00:00,"@iluminatibot For a guy whose smart enough to become a self-made billionaire, he evidently failed science in school. All this ""climate change or global warming"" is all blamed on one component of the atmosphere, CO2. It only comprises .04% of our atmosphere. I call BULLSHIT!","For a guy whose smart enough to become a self-made billionaire, he evidently failed science in school. All this ""climate change or global warming"" is all blamed on one component of the atmosphere, CO2. It only comprises .04% of our atmosphere. I call BULLSHIT!"
2025-04-26 16:05:13+00:00,"@catturd2 He didn‚Äôt get the memo, we know climate change/green new deal or whatever you‚Äôve renamed it‚Ä¶is a scam! 
2030 agenda by globalist!","He didnt get the memo, we know climate change/green new deal or whatever youve renamed itis a scam! 2030 agenda by globalist!"
2025-04-26 16:04:58+00:00,"@vinnie43837169 @DapperDomo Racism, fascism, capitalism, poverty, pollution, genocide, slavery, climate change etc. Yes white ppl gave us all that trash.","Racism, fascism, capitalism, poverty, pollution, genocide, slavery, climate change etc. Yes white ppl gave us all that trash."
2025-04-26 16:04:55+00:00,"@kathyflett1 @ABDanielleSmith @PremierScottMoe #Referendum

Pros &amp; cons #ABSKseparation #AlbertaSeparation &amp; #51State

US has valid concerns: CCP fentanyl, openborders, crime, safesupply
@scoopercooper¬†

AB SK crushed by equalization, carbon tax, fake climate change, WEF, printing$

@ikwilson","Referendum Pros &amp; cons ABSKseparation AlbertaSeparation &amp; 51State US has valid concerns: CCP fentanyl, openborders, crime, safesupply AB SK crushed by equalization, carbon tax, fake climate change, WEF, printing$"
2025-04-26 16:04:45+00:00,@BrantfordBoomer @EdmontonOilers I like that name but perhaps the Edmonton Firewater would be good as it gives a nod to our native Indian population eh. Due to climate change the Flames should be known as the Calgary Mullets as an ode to the preferred hairstyle of the city.,I like that name but perhaps the Edmonton Firewater would be good as it gives a nod to our native Indian population eh. Due to climate change the Flames should be known as the Calgary Mullets as an ode to the preferred hairstyle of the city.
2025-04-26 16:04:25+00:00,"Rt @wef 
Wind, oil and aid: Everything to know about the #environment this week https://t.co/208REN1Q1F #ClimateChange https://t.co/EHbGIyAwEQ","Rt Wind, oil and aid: Everything to know about the environment this week ClimateChange"
